{"cameraMode":{"drawMode":0,"name":"Shaded","section":"Shading Mode"},"sceneLighting":true,"audioPlay":false,"sceneViewState":{"showFog":true,"showMaterialUpdate":false,"showSkybox":true,"showFlares":true,"showImageEffects":true,"showParticleSystems":true},"in2DMode":false,"pivot":{"x":-0.39999985694885256,"y":1.111783742904663,"z":-0.011283338069915772},"rotation":{"x":0.010740995407104493,"y":-0.9867287278175354,"z":0.07295822352170944,"w":0.14488312602043153},"size":2.7946856021881105,"orthographic":false}