{"cameraMode":{"drawMode":0,"name":"Shaded","section":"Shading Mode"},"sceneLighting":true,"audioPlay":false,"sceneViewState":{"showFog":true,"showMaterialUpdate":false,"showSkybox":true,"showFlares":true,"showImageEffects":true,"showParticleSystems":true},"in2DMode":false,"pivot":{"x":-0.5026350021362305,"y":1.3549896478652955,"z":-0.47288641333580019},"rotation":{"x":-0.09036289155483246,"y":0.8930500745773315,"z":-0.2075101137161255,"w":-0.3888898491859436},"size":1.207395076751709,"orthographic":false}