{"cameraMode":{"drawMode":0,"name":"Shaded","section":"Shading Mode"},"sceneLighting":true,"audioPlay":false,"sceneViewState":{"showFog":true,"showMaterialUpdate":false,"showSkybox":true,"showFlares":true,"showImageEffects":true,"showParticleSystems":true},"in2DMode":false,"pivot":{"x":-0.9678192138671875,"y":1.060272216796875,"z":0.0528564453125},"rotation":{"x":0.004873350262641907,"y":0.9568696022033691,"z":-0.2900392711162567,"w":0.016078248620033265},"size":0.32249242067337038,"orthographic":false}