{"cameraMode":{"drawMode":0,"name":"Shaded","section":"Shading Mode"},"sceneLighting":true,"audioPlay":false,"sceneViewState":{"showFog":true,"showMaterialUpdate":false,"showSkybox":true,"showFlares":true,"showImageEffects":true,"showParticleSystems":true},"in2DMode":false,"pivot":{"x":-0.9688615798950195,"y":1.4294309616088868,"z":-0.9287325739860535},"rotation":{"x":0.056254636496305469,"y":0.8006922006607056,"z":-0.07614074647426605,"w":0.5915589928627014},"size":0.7918598055839539,"orthographic":false}