{"cameraMode":{"drawMode":0,"name":"Shaded","section":"Shading Mode"},"sceneLighting":true,"audioPlay":false,"sceneViewState":{"showFog":true,"showMaterialUpdate":false,"showSkybox":true,"showFlares":true,"showImageEffects":true,"showParticleSystems":true},"in2DMode":false,"pivot":{"x":-0.16883587837219239,"y":0.25664567947387698,"z":-1.7717137336730958},"rotation":{"x":-0.06890647858381272,"y":-0.9290776252746582,"z":0.2232392579317093,"w":-0.2867794930934906},"size":1.7015023231506348,"orthographic":false}