{"cameraMode":{"drawMode":0,"name":"Shaded","section":"Shading Mode"},"sceneLighting":true,"audioPlay":false,"sceneViewState":{"showFog":true,"showMaterialUpdate":false,"showSkybox":true,"showFlares":true,"showImageEffects":true,"showParticleSystems":true},"in2DMode":false,"pivot":{"x":2.6060495376586916,"y":0.6658104062080383,"z":0.9349737763404846},"rotation":{"x":0.056607697159051898,"y":0.6197525262832642,"z":-0.04489060491323471,"w":0.7814691662788391},"size":2.3273653984069826,"orthographic":false}