{"cameraMode":{"drawMode":0,"name":"Shaded","section":"Shading Mode"},"sceneLighting":false,"audioPlay":false,"sceneViewState":{"showFog":true,"showMaterialUpdate":false,"showSkybox":false,"showFlares":true,"showImageEffects":true,"showParticleSystems":true},"in2DMode":false,"pivot":{"x":-2.5545096397399904,"y":6.055646896362305,"z":0.5345754623413086},"rotation":{"x":0.050125304609537128,"y":0.946357250213623,"z":-0.17985455691814423,"w":0.2637476921081543},"size":7.714943885803223,"orthographic":false}