{"cameraMode":{"drawMode":0,"name":"Shaded","section":"Shading Mode"},"sceneLighting":false,"audioPlay":false,"sceneViewState":{"showFog":true,"showMaterialUpdate":false,"showSkybox":false,"showFlares":true,"showImageEffects":true,"showParticleSystems":true},"in2DMode":false,"pivot":{"x":1.0698950290679932,"y":1.100000023841858,"z":-1.4800000190734864},"rotation":{"x":0.019413266330957414,"y":0.09314429014921189,"z":0.0018240403151139618,"w":-0.9954758882522583},"size":0.10327503830194473,"orthographic":true}